Date,Load,Temperature
2020-01-01,1435.2810469193532,25.166666666666668
2020-01-02,1408.2086236193993,25.333333333333332
2020-01-03,1419.9857185862243,25.5
2020-01-04,1445.4343023401934,25.666666666666668
2020-01-05,1438.1730776112186,25.833333333333332
2020-01-06,1381.4818396627459,26.0
2020-01-07,1420.2346450628406,26.166666666666668
2020-01-08,1398.4112119984295,26.333333333333332
2020-01-09,1399.5794585805672,26.5
2020-01-10,1410.0612851072606,26.666666666666668
2020-01-11,1404.9356659437656,26.833333333333332
2020-01-12,1431.3457441118624,27.0
2020-01-13,1417.6865079275974,27.166666666666668
2020-01-14,1405.1047332065689,27.333333333333332
2020-01-15,1411.7539769836756,27.5
2020-01-16,1409.755678328307,27.666666666666668
2020-01-17,1433.1692526960287,27.833333333333332
2020-01-18,1399.3899854096155,28.0
2020-01-19,1409.9599841700044,28.166666666666668
2020-01-20,1386.8221948030066,28.333333333333332
2020-01-21,1353.0497927244144,28.5
2020-01-22,1417.387440401958,28.666666666666668
2020-01-23,1421.8092719223955,28.833333333333332
2020-01-24,1389.8827269891312,29.0
2020-01-25,1450.3265993290672,29.166666666666668
2020-01-26,1376.0496728093947,29.333333333333336
2020-01-27,1406.2576360994535,29.5
2020-01-28,1401.8042682049627,29.666666666666668
2020-01-29,1436.4090089447034,29.833333333333332
2020-01-30,1435.3460795075946,30.0
2020-01-31,1409.2633320755822,30.166666666666668
2020-02-01,1413.9331134057422,30.333333333333332
2020-02-02,1388.8196275131513,30.5
2020-02-03,1367.1648925533298,30.666666666666664
2020-02-04,1400.0280583833398,30.833333333333336
2020-02-05,1410.3187602039973,31.0
2020-02-06,1432.0030738885268,31.166666666666668
2020-02-07,1431.6503367017158,31.333333333333332
2020-02-08,1400.0616828299233,31.5
2020-02-09,1401.9676436186303,31.666666666666664
2020-02-10,1387.2481187808498,31.833333333333336
2020-02-11,1380.024298790667,32.0
2020-02-12,1374.504733173801,32.166666666666664
2020-02-13,1447.8511243429919,32.333333333333336
2020-02-14,1398.848052255378,32.5
2020-02-15,1400.485089310242,32.666666666666664
2020-02-16,1384.396147593522,32.833333333333336
2020-02-17,1425.2073413632136,33.0
2020-02-18,1377.585056747471,33.166666666666664
2020-02-19,1405.8136875464054,33.333333333333336
2020-02-20,1392.3646413788663,33.5
2020-02-21,1418.2175020119798,33.66666666666667
2020-02-22,1400.4688287554718,33.83333333333333
2020-02-23,1387.277767276456,34.0
2020-02-24,1410.5322458441858,34.166666666666664
2020-02-25,1419.868007273622,34.333333333333336
2020-02-26,1412.8371937627317,34.5
2020-02-27,1417.761766721919,34.666666666666664
2020-02-28,1399.2313663455589,34.83333333333333
2020-02-29,1404.86846435149,35.0
2020-03-01,1398.8795581677687,35.166666666666664
2020-03-02,1405.3431833445316,35.333333333333336
2020-03-03,1396.476800386508,35.5
2020-03-04,1378.4195534328185,35.666666666666664
2020-03-05,1416.699207776582,35.83333333333333
2020-03-06,1405.3205456593964,36.0
2020-03-07,1380.9576768962957,36.16666666666667
2020-03-08,1423.0227683981866,36.33333333333333
2020-03-09,1395.826635452061,36.5
2020-03-10,1415.2169901077036,36.66666666666667
2020-03-11,1428.9653728873864,36.833333333333336
2020-03-12,1417.1686993110386,37.0
2020-03-13,1437.5825342388111,37.166666666666664
2020-03-14,1390.303483592927,37.333333333333336
2020-03-15,1423.2523122756058,37.5
2020-03-16,1401.7147570853033,37.666666666666664
2020-03-17,1398.2004953725266,37.833333333333336
2020-03-18,1404.244924512931,38.0
2020-03-19,1409.7963466177266,38.166666666666664
2020-03-20,1417.3561835569237,38.33333333333333
2020-03-21,1393.1353593487165,38.5
2020-03-22,1434.6603653555221,38.66666666666667
2020-03-23,1426.1625638631024,38.83333333333333
2020-03-24,1386.3299207950035,39.0
2020-03-25,1447.0253178485148,39.16666666666667
2020-03-26,1455.3835369452693,39.333333333333336
2020-03-27,1441.2468242999053,39.5
2020-03-28,1414.2782156125202,39.666666666666664
2020-03-29,1396.667139350611,39.833333333333336
2020-03-30,1439.3767057714992,40.0
2020-03-31,1410.429611745468,40.166666666666664
2020-04-01,1443.1475315446348,40.333333333333336
2020-04-02,1423.0696091505783,40.5
2020-04-03,1438.64236977077,40.666666666666664
2020-04-04,1426.4423964366388,40.83333333333333
2020-04-05,1433.6520113090444,41.0
2020-04-06,1419.9360278116765,41.16666666666667
2020-04-07,1455.648916727432,41.33333333333333
2020-04-08,1422.6752281554423,41.5
2020-04-09,1428.3822530223188,41.66666666666667
2020-04-10,1458.2109591466046,41.83333333333333
2020-04-11,1393.7982434346852,42.0
2020-04-12,1395.5492041398743,42.166666666666664
2020-04-13,1440.5523177248042,42.333333333333336
2020-04-14,1397.9073949114154,42.5
2020-04-15,1460.4477661787394,42.666666666666664
2020-04-16,1413.5084423026133,42.833333333333336
2020-04-17,1407.037205141048,43.0
2020-04-18,1460.6506213515254,43.16666666666667
2020-04-19,1452.007556102661,43.33333333333333
2020-04-20,1459.953918934559,43.5
2020-04-21,1440.9291123435898,43.66666666666667
2020-04-22,1405.789184929043,43.83333333333333
2020-04-23,1461.4204771441725,44.0
2020-04-24,1418.0645901152188,44.16666666666667
2020-04-25,1439.6792649022293,44.33333333333333
2020-04-26,1442.780655793831,44.5
2020-04-27,1420.9408940285944,44.666666666666664
2020-04-28,1436.5281627493873,44.833333333333336
2020-04-29,1442.8961882258511,45.0
2020-04-30,1432.186044869688,45.166666666666664
2020-05-01,1402.8749978869462,44.81308411214953
2020-05-02,1431.0332566348059,44.7196261682243
2020-05-03,1451.8016905364805,44.626168224299064
2020-05-04,1411.5880948601673,44.532710280373834
2020-05-05,1422.692240700296,44.4392523364486
2020-05-06,1417.1873399244714,44.345794392523366
2020-05-07,1463.0811649805457,44.25233644859813
2020-05-08,1439.7472650032623,44.1588785046729
2020-05-09,1434.6560860398906,44.06542056074766
2020-05-10,1411.314007278217,43.97196261682243
2020-05-11,1437.7027920450146,43.87850467289719
2020-05-12,1413.6366344580854,43.78504672897196
2020-05-13,1427.9653782887747,43.691588785046726
2020-05-14,1414.8173250077648,43.598130841121495
2020-05-15,1441.2683919263272,43.504672897196265
2020-05-16,1439.4770218117508,43.41121495327103
2020-05-17,1423.984709819947,43.3177570093458
2020-05-18,1436.2762986367945,43.22429906542056
2020-05-19,1406.7004136610062,43.13084112149533
2020-05-20,1398.941971433559,43.03738317757009
2020-05-21,1437.7604367650167,42.94392523364486
2020-05-22,1432.5115520992313,42.850467289719624
2020-05-23,1442.084190381678,42.757009345794394
2020-05-24,1477.2519365931694,42.66355140186916
2020-05-25,1448.6841102877536,42.570093457943926
2020-05-26,1411.743555491117,42.47663551401869
2020-05-27,1452.5458052139718,42.38317757009346
2020-05-28,1404.092810693879,42.28971962616822
2020-05-29,1421.38474625987,42.19626168224299
2020-05-30,1429.4570857017266,42.10280373831776
2020-05-31,1465.2942516932615,42.00934579439252
2020-06-01,1416.33778027136,41.91588785046729
2020-06-02,1414.9095853912033,41.822429906542055
2020-06-03,1429.6747851279297,41.728971962616825
2020-06-04,1418.5797493412508,41.63551401869159
2020-06-05,1454.5875129626781,41.54205607476636
2020-06-06,1410.6616438053343,41.44859813084112
2020-06-07,1409.5163803764356,41.35514018691589
2020-06-08,1423.9148319818237,41.26168224299065
2020-06-09,1422.916063314921,41.16822429906542
2020-06-10,1471.6728328571617,41.074766355140184
2020-06-11,1452.276087371392,40.981308411214954
2020-06-12,1435.2441755126354,40.887850467289724
2020-06-13,1409.189919760383,40.794392523364486
2020-06-14,1450.791369117072,40.70093457943925
2020-06-15,1414.1052820933046,40.60747663551402
2020-06-16,1403.4196465575985,40.51401869158879
2020-06-17,1458.2811437922514,40.42056074766355
2020-06-18,1441.064879635757,40.32710280373832
2020-06-19,1453.3486833249315,40.23364485981308
2020-06-20,1441.5115393602302,40.14018691588785
2020-06-21,1452.4790779914786,40.046728971962615
2020-06-22,1422.5274333394766,39.953271028037385
2020-06-23,1415.068567821845,39.85981308411215
2020-06-24,1449.5907944752214,39.76635514018692
2020-06-25,1420.096190278167,39.67289719626169
2020-06-26,1422.5788674586947,39.57943925233645
2020-06-27,1427.4646923954067,39.48598130841121
2020-06-28,1437.1304050983094,39.39252336448598
2020-06-29,1429.9064231447933,39.29906542056075
2020-06-30,1409.6927549535574,39.205607476635514
2020-07-01,1424.5248922173148,39.11214953271028
2020-07-02,1393.134676681539,39.018691588785046
2020-07-03,1450.312848198626,38.925233644859816
2020-07-04,1405.972545518002,38.83177570093458
2020-07-05,1416.1315112936227,38.73831775700935
2020-07-06,1439.467959119466,38.64485981308411
2020-07-07,1423.838877058475,38.55140186915888
2020-07-08,1469.6959083464908,38.45794392523364
2020-07-09,1413.1839576959421,38.36448598130841
2020-07-10,1444.5875927294494,38.271028037383175
2020-07-11,1438.6663984299707,38.177570093457945
2020-07-12,1416.2956642917513,38.084112149532714
2020-07-13,1450.3285469092652,37.99065420560748
2020-07-14,1436.6375665262399,37.89719626168224
2020-07-15,1455.7097836270132,37.80373831775701
2020-07-16,1456.9495351340693,37.71028037383178
2020-07-17,1483.9496504924632,37.61682242990654
2020-07-18,1467.620969947632,37.52336448598131
2020-07-19,1433.71225365211,37.429906542056074
2020-07-20,1436.513786311495,37.33644859813084
2020-07-21,1463.5000412328106,37.242990654205606
2020-07-22,1454.8176033815753,37.149532710280376
2020-07-23,1454.72043874113,37.05607476635514
2020-07-24,1409.7841667850162,36.96261682242991
2020-07-25,1441.842244635309,36.86915887850468
2020-07-26,1427.7736283912286,36.77570093457944
2020-07-27,1448.338218008262,36.6822429906542
2020-07-28,1440.9821976865928,36.58878504672897
2020-07-29,1461.3542630933587,36.49532710280374
2020-07-30,1449.7005286873878,36.401869158878505
2020-07-31,1459.288203077796,36.30841121495327
2020-08-01,1434.4387413529523,36.21495327102804
2020-08-02,1425.083677621361,36.12149532710281
2020-08-03,1435.9770883277297,36.02803738317757
2020-08-04,1444.043153366607,35.93457943925234
2020-08-05,1452.172075806992,35.8411214953271
2020-08-06,1489.9806995617623,35.74766355140187
2020-08-07,1444.154856966787,35.654205607476634
2020-08-08,1426.0865794421993,35.5607476635514
2020-08-09,1438.4913233901218,35.467289719626166
2020-08-10,1436.3445188632425,35.373831775700936
2020-08-11,1455.4515472836886,35.280373831775705
2020-08-12,1415.2114569713815,35.18691588785047
2020-08-13,1447.4981165963354,35.09345794392523
2020-08-14,1449.5684869236911,35.0
2020-08-15,1451.287456340444,34.90654205607477
2020-08-16,1434.902993689186,34.81308411214953
2020-08-17,1442.296359925828,34.7196261682243
2020-08-18,1418.7790557929522,34.626168224299064
2020-08-19,1437.5993557574136,34.532710280373834
2020-08-20,1436.814003356378,34.4392523364486
2020-08-21,1456.1977132539955,34.345794392523366
2020-08-22,1424.9585431443836,34.25233644859813
2020-08-23,1463.9116332670765,34.1588785046729
2020-08-24,1478.382841574759,34.06542056074766
2020-08-25,1407.2989296367157,33.97196261682243
2020-08-26,1457.4292842046032,33.87850467289719
2020-08-27,1462.6477497417009,33.78504672897196
2020-08-28,1436.566327982106,33.69158878504673
2020-08-29,1441.5751116586296,33.598130841121495
2020-08-30,1447.068415845521,33.50467289719626
2020-08-31,1443.9756892612806,33.41121495327103
2020-09-01,1443.9567269204274,33.3177570093458
2020-09-02,1416.822389626825,33.22429906542056
2020-09-03,1473.5945765011418,33.13084112149532
2020-09-04,1472.3457964982706,33.03738317757009
2020-09-05,1434.6916189255048,32.94392523364486
2020-09-06,1421.8358970055933,32.85046728971963
2020-09-07,1461.791160542754,32.757009345794394
2020-09-08,1440.0595830694922,32.66355140186916
2020-09-09,1454.619885184224,32.570093457943926
2020-09-10,1445.599733026961,32.476635514018696
2020-09-11,1466.0225558433215,32.38317757009346
2020-09-12,1466.2922431470927,32.28971962616822
2020-09-13,1438.0907921567557,32.19626168224299
2020-09-14,1425.1409400701812,32.10280373831776
2020-09-15,1421.3549306834354,32.00934579439252
2020-09-16,1465.4267656643358,31.915887850467293
2020-09-17,1429.647472378566,31.822429906542055
2020-09-18,1443.4938099003275,31.728971962616825
2020-09-19,1441.9093356693459,31.635514018691588
2020-09-20,1452.98974996502,31.542056074766357
2020-09-21,1415.5209792255357,31.44859813084112
2020-09-22,1458.227626730397,31.35514018691589
2020-09-23,1465.1353547232595,31.261682242990652
2020-09-24,1456.6314554395233,31.16822429906542
2020-09-25,1448.8507697167154,31.074766355140184
2020-09-26,1457.2219759281154,30.981308411214954
2020-09-27,1463.4603789675973,30.88785046728972
2020-09-28,1400.2330763783164,30.794392523364486
2020-09-29,1495.008657123918,30.700934579439252
2020-09-30,1463.8977568647174,30.60747663551402
2020-10-01,1443.2531982152732,30.514018691588785
2020-10-02,1448.6877818113164,30.42056074766355
2020-10-03,1466.5871643141072,30.327102803738317
2020-10-04,1454.5957294384907,30.233644859813083
2020-10-05,1416.509598315603,30.14018691588785
2020-10-06,1498.618624350474,30.046728971962615
2020-10-07,1455.323433430693,29.953271028037385
2020-10-08,1478.1431802617133,29.85981308411215
2020-10-09,1444.104208523764,29.766355140186917
2020-10-10,1488.8782260164228,29.672897196261683
2020-10-11,1464.0830381614073,29.57943925233645
2020-10-12,1470.7385205251255,29.485981308411215
2020-10-13,1437.862055964732,29.39252336448598
2020-10-14,1483.19550853338,29.299065420560748
2020-10-15,1472.9744454824765,29.205607476635514
2020-10-16,1485.4204862351357,29.11214953271028
2020-10-17,1447.027289903059,29.018691588785046
2020-10-18,1450.1739781787294,28.925233644859812
2020-10-19,1506.0783339536788,28.83177570093458
2020-10-20,1439.0051629976238,28.738317757009348
2020-10-21,1457.6919648905432,28.64485981308411
2020-10-22,1483.3542656082182,28.55140186915888
2020-10-23,1462.7764171625163,28.457943925233643
2020-10-24,1472.6864708553398,28.364485981308412
2020-10-25,1453.2438961270714,28.271028037383175
2020-10-26,1468.8394739213338,28.177570093457945
2020-10-27,1435.513298581732,28.08411214953271
2020-10-28,1495.011928660857,27.990654205607477
2020-10-29,1459.6915136179766,27.897196261682243
2020-10-30,1448.6567098926657,27.80373831775701
2020-10-31,1475.793415065296,27.710280373831775
2020-11-01,1453.4568371289413,27.61682242990654
2020-11-02,1436.191542900712,27.523364485981308
2020-11-03,1436.1478416648708,27.429906542056074
2020-11-04,1477.1631342866792,27.33644859813084
2020-11-05,1460.3016819220063,27.242990654205606
2020-11-06,1461.0245989436175,27.149532710280372
2020-11-07,1485.4589857085664,27.05607476635514
2020-11-08,1441.573072865961,26.962616822429904
2020-11-09,1449.7015134358542,26.869158878504674
2020-11-10,1456.8229517615798,26.77570093457944
2020-11-11,1466.6130591836015,26.682242990654206
2020-11-12,1464.0880778235037,26.588785046728972
2020-11-13,1459.3992424535718,26.49532710280374
2020-11-14,1464.1099377115117,26.401869158878505
2020-11-15,1463.401839679656,26.30841121495327
2020-11-16,1451.3613368864983,26.214953271028037
2020-11-17,1449.6990443385075,26.121495327102803
2020-11-18,1471.6547107161225,26.02803738317757
2020-11-19,1448.5515613537882,25.934579439252335
2020-11-20,1443.4282372819364,25.8411214953271
2020-11-21,1460.5349768952944,25.74766355140187
2020-11-22,1463.8329610465867,25.654205607476634
2020-11-23,1512.326250767882,25.560747663551403
2020-11-24,1453.3032547568478,25.467289719626166
2020-11-25,1486.4679542254173,25.373831775700936
2020-11-26,1482.751985862175,25.280373831775698
2020-11-27,1444.2347995260623,25.186915887850468
2020-11-28,1483.6842376302438,25.093457943925234
2020-11-29,1444.7470447303801,25.0
2020-11-30,1415.4466922263664,24.906542056074766
2020-12-01,1480.9620069255436,25.0
2020-12-02,1433.9232842216566,25.0
2020-12-03,1478.265264578584,25.0
2020-12-04,1455.7718368397761,25.0
2020-12-05,1502.8485501703728,25.0
2020-12-06,1491.2332016849502,25.0
2020-12-07,1461.000777073657,25.0
2020-12-08,1456.5172203821662,25.0
2020-12-09,1446.1979039929122,25.0
2020-12-10,1461.8664788609976,25.0
2020-12-11,1465.283301055214,25.0
2020-12-12,1463.8020195231252,25.0
2020-12-13,1474.4354469684608,25.0
2020-12-14,1483.077279269646,25.0
2020-12-15,1478.705417906987,25.0
2020-12-16,1456.6349297410493,25.0
2020-12-17,1443.3674581952014,25.0
2020-12-18,1499.619404085337,25.0
2020-12-19,1458.7452628843437,25.0
2020-12-20,1459.6938540286967,25.0
2020-12-21,1462.5214192334297,25.0
2020-12-22,1436.289293928374,25.0
2020-12-23,1463.796684302752,25.0
2020-12-24,1463.9685275554575,25.0
2020-12-25,1486.1742892545415,25.0
2020-12-26,1487.9417457218726,25.0
2020-12-27,1474.2534999735062,25.0
2020-12-28,1493.0205291261216,25.0
2020-12-29,1481.3883407719156,25.0
2020-12-30,1474.4808783158942,25.0
2020-12-31,1478.2185633659644,25.0
2021-01-01,1471.3924095804268,25.166666666666668
2021-01-02,1467.5139686234404,25.333333333333332
2021-01-03,1470.261767618285,25.5
2021-01-04,1453.261691178819,25.666666666666668
2021-01-05,1481.6362313666,25.833333333333332
2021-01-06,1456.3704044937372,26.0
2021-01-07,1493.2709814458563,26.166666666666668
2021-01-08,1471.6546640132194,26.333333333333332
2021-01-09,1477.839214701495,26.5
2021-01-10,1486.9315300461672,26.666666666666668
2021-01-11,1490.1265632738614,26.833333333333332
2021-01-12,1446.0532852519884,27.0
2021-01-13,1473.533159353433,27.166666666666668
2021-01-14,1495.4802905703827,27.333333333333332
2021-01-15,1444.1200753921767,27.5
2021-01-16,1486.0332807407779,27.666666666666668
2021-01-17,1433.3818660968877,27.833333333333332
2021-01-18,1458.2484932642742,28.0
2021-01-19,1479.6767206258448,28.166666666666668
2021-01-20,1445.975286994657,28.333333333333332
2021-01-21,1459.6048537394677,28.5
2021-01-22,1450.0838477959337,28.666666666666668
2021-01-23,1512.6887260414114,28.833333333333332
2021-01-24,1483.2160619590618,29.0
2021-01-25,1491.4827918584233,29.166666666666668
2021-01-26,1475.8889637431216,29.333333333333336
2021-01-27,1473.4793102303354,29.5
2021-01-28,1448.4239408845135,29.666666666666668
2021-01-29,1475.1221568546316,29.833333333333332
2021-01-30,1465.9345393254112,30.0
2021-01-31,1498.5283414995454,30.166666666666668
2021-02-01,1504.397379798905,30.333333333333332
2021-02-02,1511.1123962292918,30.5
2021-02-03,1499.0373401590875,30.666666666666664
2021-02-04,1470.218702083458,30.833333333333336
2021-02-05,1460.0793205547645,31.0
2021-02-06,1497.9360033589292,31.166666666666668
2021-02-07,1489.934075527528,31.333333333333332
2021-02-08,1447.6429296165963,31.5
2021-02-09,1490.3288139370673,31.666666666666664
2021-02-10,1499.7150539840038,31.833333333333336
2021-02-11,1484.8086487699338,32.0
2021-02-12,1480.1345430181693,32.166666666666664
2021-02-13,1467.8881261380839,32.333333333333336
2021-02-14,1455.315881351198,32.5
2021-02-15,1500.4580137813211,32.666666666666664
2021-02-16,1478.4752453511412,32.833333333333336
2021-02-17,1480.1936804677562,33.0
2021-02-18,1519.7229168890676,33.166666666666664
2021-02-19,1498.9639947399237,33.333333333333336
2021-02-20,1492.8959520804167,33.5
2021-02-21,1488.526167610594,33.66666666666667
2021-02-22,1516.2903081742195,33.83333333333333
2021-02-23,1520.4876765592828,34.0
2021-02-24,1504.891472092604,34.166666666666664
2021-02-25,1498.151341143027,34.333333333333336
2021-02-26,1444.8202673430005,34.5
2021-02-27,1489.3922465038484,34.666666666666664
2021-02-28,1484.5211485873588,34.83333333333333
2021-03-01,1489.207831710999,35.0
2021-03-02,1506.3951683217929,35.166666666666664
2021-03-03,1432.9461826836061,35.333333333333336
2021-03-04,1476.5589644100482,35.5
2021-03-05,1493.5487720303222,35.666666666666664
2021-03-06,1479.0192534625064,35.83333333333333
2021-03-07,1460.2235215730911,36.0
2021-03-08,1506.146393025607,36.16666666666667
2021-03-09,1494.5100408566486,36.33333333333333
2021-03-10,1469.755990782891,36.5
2021-03-11,1495.679905734152,36.66666666666667
2021-03-12,1506.0207553368864,36.833333333333336
2021-03-13,1489.9003734739324,37.0
2021-03-14,1506.01129606862,37.166666666666664
2021-03-15,1491.770682955288,37.333333333333336
2021-03-16,1482.5063792510225,37.5
2021-03-17,1467.428028028166,37.666666666666664
2021-03-18,1489.103302468787,37.833333333333336
2021-03-19,1494.9132560211895,38.0
2021-03-20,1508.7495319440754,38.166666666666664
2021-03-21,1489.136206794639,38.33333333333333
2021-03-22,1500.7921477408581,38.5
2021-03-23,1472.5570747938184,38.66666666666667
2021-03-24,1476.4022114039976,38.83333333333333
2021-03-25,1490.0524879920652,39.0
2021-03-26,1471.3731841449573,39.16666666666667
2021-03-27,1509.076189623206,39.333333333333336
2021-03-28,1502.1393189151393,39.5
2021-03-29,1498.664107068671,39.666666666666664
2021-03-30,1500.0657537371956,39.833333333333336
2021-03-31,1533.9140219146275,40.0
2021-04-01,1484.3213463776503,40.166666666666664
2021-04-02,1449.87528387903,40.333333333333336
2021-04-03,1498.0955929790252,40.5
2021-04-04,1493.3029976739174,40.666666666666664
2021-04-05,1484.1701670949974,40.83333333333333
2021-04-06,1475.1494302100848,41.0
2021-04-07,1486.1477164132723,41.16666666666667
2021-04-08,1498.7637548857263,41.33333333333333
2021-04-09,1485.2861317405739,41.5
2021-04-10,1543.7970187963545,41.66666666666667
2021-04-11,1476.5433370248713,41.83333333333333
2021-04-12,1480.0965568554354,42.0
2021-04-13,1450.3919827613531,42.166666666666664
2021-04-14,1501.3995513141294,42.333333333333336
2021-04-15,1456.2472099097583,42.5
2021-04-16,1485.9917292503183,42.666666666666664
2021-04-17,1491.4728906786518,42.833333333333336
2021-04-18,1482.99722150498,43.0
2021-04-19,1532.1747138230628,43.16666666666667
2021-04-20,1517.4906275523374,43.33333333333333
2021-04-21,1524.1909567041137,43.5
2021-04-22,1480.3653222591386,43.66666666666667
2021-04-23,1520.7910593724832,43.83333333333333
2021-04-24,1508.3446764611258,44.0
2021-04-25,1514.058255959838,44.16666666666667
2021-04-26,1519.4243930140115,44.33333333333333
2021-04-27,1480.86583097123,44.5
2021-04-28,1490.7602229229078,44.666666666666664
2021-04-29,1516.7039750210895,44.833333333333336
2021-04-30,1446.5451523870768,45.0
2021-05-01,1530.1295753500942,44.90654205607477
2021-05-02,1511.1311344348364,44.81308411214953
2021-05-03,1499.359893389535,44.7196261682243
2021-05-04,1504.889605169938,44.626168224299064
2021-05-05,1480.0862258406698,44.532710280373834
2021-05-06,1493.891543667122,44.4392523364486
2021-05-07,1523.1015771753664,44.345794392523366
2021-05-08,1527.261809309538,44.25233644859813
2021-05-09,1555.43133036634,44.1588785046729
2021-05-10,1500.233835441515,44.06542056074766
2021-05-11,1488.746748883078,43.97196261682243
2021-05-12,1491.838608352433,43.87850467289719
2021-05-13,1481.9679296175404,43.78504672897196
2021-05-14,1500.9771514565255,43.691588785046726
2021-05-15,1510.3943746276425,43.598130841121495
2021-05-16,1502.2603598688129,43.504672897196265
2021-05-17,1525.077621844823,43.41121495327103
2021-05-18,1498.671848356671,43.3177570093458
2021-05-19,1496.6126307856453,43.22429906542056
2021-05-20,1492.1417537504647,43.13084112149533
2021-05-21,1471.319912215036,43.03738317757009
2021-05-22,1472.8227277056117,42.94392523364486
2021-05-23,1480.8004030310817,42.850467289719624
2021-05-24,1530.6176025291857,42.757009345794394
2021-05-25,1522.6997260057437,42.66355140186916
2021-05-26,1532.4992813278598,42.570093457943926
2021-05-27,1478.5612463601647,42.47663551401869
2021-05-28,1466.0384651083891,42.38317757009346
2021-05-29,1492.4153119534826,42.28971962616822
2021-05-30,1509.3382968741398,42.19626168224299
2021-05-31,1516.0012027584705,42.10280373831776
2021-06-01,1527.19231983169,42.00934579439252
2021-06-02,1512.1239495805278,41.91588785046729
2021-06-03,1541.4972112295509,41.822429906542055
2021-06-04,1502.3972014495266,41.728971962616825
2021-06-05,1488.793210159712,41.63551401869159
2021-06-06,1473.635909662714,41.54205607476636
2021-06-07,1489.6863262627485,41.44859813084112
2021-06-08,1512.5135920964149,41.35514018691589
2021-06-09,1490.1023071816944,41.26168224299065
2021-06-10,1526.817041051527,41.16822429906542
2021-06-11,1536.5342253536255,41.074766355140184
2021-06-12,1461.1014125803995,40.981308411214954
2021-06-13,1525.9796761469393,40.887850467289724
2021-06-14,1464.1120284158064,40.794392523364486
2021-06-15,1517.1395701429017,40.70093457943925
2021-06-16,1533.8124797770238,40.60747663551402
2021-06-17,1510.817670072077,40.51401869158879
2021-06-18,1484.1322439331755,40.42056074766355
2021-06-19,1498.2228827637598,40.32710280373832
2021-06-20,1504.9040773871518,40.23364485981308
2021-06-21,1506.6975700776259,40.14018691588785
2021-06-22,1506.4900083901462,40.046728971962615
2021-06-23,1508.5557690713479,39.953271028037385
2021-06-24,1515.2285050877924,39.85981308411215
2021-06-25,1486.9929104869793,39.76635514018692
2021-06-26,1506.5294664162943,39.67289719626169
2021-06-27,1541.9405658728676,39.57943925233645
2021-06-28,1504.087913454958,39.48598130841121
2021-06-29,1503.109579506759,39.39252336448598
2021-06-30,1533.7557268962025,39.29906542056075
2021-07-01,1461.2135669470906,39.205607476635514
2021-07-02,1536.2303117517931,39.11214953271028
2021-07-03,1500.1701440179788,39.018691588785046
2021-07-04,1516.2922700791887,38.925233644859816
2021-07-05,1515.1456052006158,38.83177570093458
2021-07-06,1532.2740199186544,38.73831775700935
2021-07-07,1508.2782420615943,38.64485981308411
2021-07-08,1500.275100807067,38.55140186915888
2021-07-09,1539.9980117034331,38.45794392523364
2021-07-10,1466.9630989996422,38.36448598130841
2021-07-11,1514.8587384286254,38.271028037383175
2021-07-12,1487.6990257939929,38.177570093457945
2021-07-13,1499.631545933499,38.084112149532714
2021-07-14,1555.2936267799475,37.99065420560748
2021-07-15,1514.3820640736226,37.89719626168224
2021-07-16,1519.3808459978222,37.80373831775701
2021-07-17,1480.0536743927375,37.71028037383178
2021-07-18,1501.3095177830103,37.61682242990654
2021-07-19,1520.0270384255346,37.52336448598131
2021-07-20,1523.396523725278,37.429906542056074
2021-07-21,1528.844580402934,37.33644859813084
2021-07-22,1516.884886745475,37.242990654205606
2021-07-23,1527.4578923882714,37.149532710280376
2021-07-24,1526.1989259239465,37.05607476635514
2021-07-25,1480.733958903197,36.96261682242991
2021-07-26,1518.2743610135453,36.86915887850468
2021-07-27,1533.0977741820514,36.77570093457944
2021-07-28,1529.7428018941423,36.6822429906542
2021-07-29,1510.873508732091,36.58878504672897
2021-07-30,1502.2436342327744,36.49532710280374
2021-07-31,1496.1954053491838,36.401869158878505
2021-08-01,1516.146043056843,36.30841121495327
2021-08-02,1541.6342003309205,36.21495327102804
2021-08-03,1480.1420001621486,36.12149532710281
2021-08-04,1506.1857270492455,36.02803738317757
2021-08-05,1496.792991987355,35.93457943925234
2021-08-06,1535.4936709727554,35.8411214953271
2021-08-07,1508.913807468574,35.74766355140187
2021-08-08,1510.7927262889589,35.654205607476634
2021-08-09,1516.0719675053765,35.5607476635514
2021-08-10,1529.5243033740603,35.467289719626166
2021-08-11,1512.9741378452266,35.373831775700936
2021-08-12,1460.1045361642755,35.280373831775705
2021-08-13,1532.0991145400792,35.18691588785047
2021-08-14,1530.2192153178244,35.09345794392523
2021-08-15,1517.253015049814,35.0
2021-08-16,1500.1685826550545,34.90654205607477
2021-08-17,1529.0903967341753,34.81308411214953
2021-08-18,1529.8449846433145,34.7196261682243
2021-08-19,1513.06509577064,34.626168224299064
2021-08-20,1518.3366034652015,34.532710280373834
2021-08-21,1504.2735822782806,34.4392523364486
2021-08-22,1519.5104099390753,34.345794392523366
2021-08-23,1492.279084331207,34.25233644859813
2021-08-24,1531.8395271055683,34.1588785046729
2021-08-25,1504.8112603205004,34.06542056074766
2021-08-26,1528.6661725456875,33.97196261682243
2021-08-27,1495.9903307157379,33.87850467289719
2021-08-28,1512.51391557576,33.78504672897196
2021-08-29,1522.310759843887,33.69158878504673
2021-08-30,1491.5120311598748,33.598130841121495
2021-08-31,1527.234464312117,33.50467289719626
2021-09-01,1517.5540350437714,33.41121495327103
2021-09-02,1490.4953417972401,33.3177570093458
2021-09-03,1499.483090123233,33.22429906542056
2021-09-04,1537.8558263391776,33.13084112149532
2021-09-05,1543.8700238206154,33.03738317757009
2021-09-06,1523.5262107660444,32.94392523364486
2021-09-07,1534.4650992545087,32.85046728971963
2021-09-08,1531.0522137320118,32.757009345794394
2021-09-09,1533.373281560363,32.66355140186916
2021-09-10,1552.7059815114687,32.570093457943926
2021-09-11,1497.0518128576323,32.476635514018696
2021-09-12,1540.926474921205,32.38317757009346
2021-09-13,1519.9625606144712,32.28971962616822
2021-09-14,1523.3230404930493,32.19626168224299
2021-09-15,1521.9687040210356,32.10280373831776
2021-09-16,1520.716235748966,32.00934579439252
2021-09-17,1503.9007336985862,31.915887850467293
2021-09-18,1532.2969209714533,31.822429906542055
2021-09-19,1562.2544770941333,31.728971962616825
2021-09-20,1527.9184354814358,31.635514018691588
2021-09-21,1529.218874487764,31.542056074766357
2021-09-22,1515.7060740513873,31.44859813084112
2021-09-23,1527.308043318213,31.35514018691589
2021-09-24,1539.1863422193107,31.261682242990652
2021-09-25,1522.663644336598,31.16822429906542
2021-09-26,1521.1978917816998,31.074766355140184
2021-09-27,1538.5447428580596,30.981308411214954
2021-09-28,1512.3248361104684,30.88785046728972
2021-09-29,1535.9403435004415,30.794392523364486
2021-09-30,1547.5023263561873,30.700934579439252
2021-10-01,1558.5003406966034,30.60747663551402
2021-10-02,1529.6992091695295,30.514018691588785
2021-10-03,1559.0642735632578,30.42056074766355
2021-10-04,1552.6060059488086,30.327102803738317
2021-10-05,1512.1990348638117,30.233644859813083
2021-10-06,1507.9699968914247,30.14018691588785
2021-10-07,1526.434973818254,30.046728971962615
2021-10-08,1553.3184358792942,29.953271028037385
2021-10-09,1531.4994653282517,29.85981308411215
2021-10-10,1521.137533778351,29.766355140186917
2021-10-11,1564.401027984533,29.672897196261683
2021-10-12,1539.2997335956834,29.57943925233645
2021-10-13,1487.3552377718563,29.485981308411215
2021-10-14,1540.3158152655797,29.39252336448598
2021-10-15,1544.5788944831982,29.299065420560748
2021-10-16,1538.8957347332575,29.205607476635514
2021-10-17,1543.5832831005303,29.11214953271028
2021-10-18,1533.4490083694857,29.018691588785046
2021-10-19,1508.6320826071053,28.925233644859812
2021-10-20,1527.7913993876457,28.83177570093458
2021-10-21,1516.4986429929836,28.738317757009348
2021-10-22,1516.9616201402766,28.64485981308411
2021-10-23,1510.5605508261738,28.55140186915888
2021-10-24,1545.077179113067,28.457943925233643
2021-10-25,1538.1907996205814,28.364485981308412
2021-10-26,1527.4750489107694,28.271028037383175
2021-10-27,1523.6570770618305,28.177570093457945
2021-10-28,1536.3808529680641,28.08411214953271
2021-10-29,1558.6386890827978,27.990654205607477
2021-10-30,1497.1759596626246,27.897196261682243
2021-10-31,1545.0032838416755,27.80373831775701
2021-11-01,1526.7569933963566,27.710280373831775
2021-11-02,1500.1849954291781,27.61682242990654
2021-11-03,1499.1681301175427,27.523364485981308
2021-11-04,1520.0320013501707,27.429906542056074
2021-11-05,1542.8833418007926,27.33644859813084
2021-11-06,1546.5598888165882,27.242990654205606
2021-11-07,1520.1244781354853,27.149532710280372
2021-11-08,1559.4500088693608,27.05607476635514
2021-11-09,1567.7747384234729,26.962616822429904
2021-11-10,1547.4422796443366,26.869158878504674
2021-11-11,1527.897974041098,26.77570093457944
2021-11-12,1562.4198905395226,26.682242990654206
2021-11-13,1555.2449002146366,26.588785046728972
2021-11-14,1557.690613980523,26.49532710280374
2021-11-15,1527.4186717060488,26.401869158878505
2021-11-16,1484.06233455204,26.30841121495327
2021-11-17,1583.2947245392625,26.214953271028037
2021-11-18,1508.946815492645,26.121495327102803
2021-11-19,1540.6545015764943,26.02803738317757
2021-11-20,1589.1902494901485,25.934579439252335
2021-11-21,1548.3923570432958,25.8411214953271
2021-11-22,1560.9712308410276,25.74766355140187
2021-11-23,1512.1438494342835,25.654205607476634
2021-11-24,1506.8439211792984,25.560747663551403
2021-11-25,1531.9486838864361,25.467289719626166
2021-11-26,1564.6232138667722,25.373831775700936
2021-11-27,1536.0887096771908,25.280373831775698
2021-11-28,1527.326451660762,25.186915887850468
2021-11-29,1547.384003333146,25.093457943925234
2021-11-30,1565.2688413558467,25.0
2021-12-01,1514.936812456889,25.0
2021-12-02,1519.830236007944,25.0
2021-12-03,1528.4731902522785,25.0
2021-12-04,1566.3448222887623,25.0
2021-12-05,1549.35396476555,25.0
2021-12-06,1587.506081910039,25.0
2021-12-07,1563.7974076673072,25.0
2021-12-08,1544.5720690653463,25.0
2021-12-09,1570.78100881657,25.0
2021-12-10,1549.914871761487,25.0
2021-12-11,1531.7919839087551,25.0
2021-12-12,1559.6953872958609,25.0
2021-12-13,1532.374836785792,25.0
2021-12-14,1540.6989072989911,25.0
2021-12-15,1573.267982686283,25.0
2021-12-16,1544.8921784948302,25.0
2021-12-17,1531.0604599244002,25.0
2021-12-18,1538.0420132945778,25.0
2021-12-19,1567.970058287116,25.0
2021-12-20,1536.6889125590626,25.0
2021-12-21,1540.207788542439,25.0
2021-12-22,1537.9448301388343,25.0
2021-12-23,1552.034674270368,25.0
2021-12-24,1540.8518486281043,25.0
2021-12-25,1516.7304023082204,25.0
2021-12-26,1531.2289839028251,25.0
2021-12-27,1530.522301361652,25.0
2021-12-28,1574.2499493329385,25.0
2021-12-29,1565.8425219380713,25.0
2021-12-30,1561.5397081359417,25.0
2021-12-31,1539.8928336547117,25.0
2022-01-01,1533.8896486121753,25.166666666666668
2022-01-02,1540.2606068709624,25.333333333333332
2022-01-03,1529.5788363051308,25.5
2022-01-04,1600.7659256399595,25.666666666666668
2022-01-05,1506.1209642928459,25.833333333333332
2022-01-06,1562.513047413805,26.0
2022-01-07,1525.747310204533,26.166666666666668
2022-01-08,1549.5569657865444,26.333333333333332
2022-01-09,1532.0892762186184,26.5
2022-01-10,1528.5022152708955,26.666666666666668
2022-01-11,1529.4563479539036,26.833333333333332
2022-01-12,1587.5654764994988,27.0
2022-01-13,1550.0114644305204,27.166666666666668
2022-01-14,1537.5626684392055,27.333333333333332
2022-01-15,1564.1979310624793,27.5
2022-01-16,1553.4946575242027,27.666666666666668
2022-01-17,1567.8938258717646,27.833333333333332
2022-01-18,1517.2134970182299,28.0
2022-01-19,1559.9761876782811,28.166666666666668
2022-01-20,1569.5634857831435,28.333333333333332
2022-01-21,1521.0831026708593,28.5
2022-01-22,1563.4844536336716,28.666666666666668
2022-01-23,1588.6496588538234,28.833333333333332
2022-01-24,1554.6343527822212,29.0
2022-01-25,1571.5651050418662,29.166666666666668
2022-01-26,1568.753874759643,29.333333333333336
2022-01-27,1541.3978312552679,29.5
2022-01-28,1556.5487593492642,29.666666666666668
2022-01-29,1524.6190098923569,29.833333333333332
2022-01-30,1547.1383228195932,30.0
2022-01-31,1561.6836225130235,30.166666666666668
2022-02-01,1571.0373523405094,30.333333333333332
2022-02-02,1557.2730644227665,30.5
2022-02-03,1571.3859759727263,30.666666666666664
2022-02-04,1535.1336565628103,30.833333333333336
2022-02-05,1555.363314782875,31.0
2022-02-06,1557.9883274162887,31.166666666666668
2022-02-07,1594.8000441116749,31.333333333333332
2022-02-08,1553.7303655061353,31.5
2022-02-09,1548.2388453223082,31.666666666666664
2022-02-10,1558.8516820111174,31.833333333333336
2022-02-11,1540.2478680889024,32.0
2022-02-12,1562.6906934196606,32.166666666666664
2022-02-13,1551.7399915594858,32.333333333333336
2022-02-14,1523.4200243816422,32.5
2022-02-15,1558.2803237718433,32.666666666666664
2022-02-16,1553.3066723679713,32.833333333333336
2022-02-17,1527.2145476572705,33.0
2022-02-18,1558.7258100583945,33.166666666666664
2022-02-19,1590.0610918442294,33.333333333333336
2022-02-20,1570.905527020309,33.5
2022-02-21,1572.9234753614726,33.66666666666667
2022-02-22,1534.0604764472432,33.83333333333333
2022-02-23,1570.6338577894032,34.0
2022-02-24,1564.2703614906152,34.166666666666664
2022-02-25,1572.087754081757,34.333333333333336
2022-02-26,1570.1649012013,34.5
2022-02-27,1534.722193709102,34.666666666666664
2022-02-28,1561.2952714400735,34.83333333333333
2022-03-01,1547.1713499147843,35.0
2022-03-02,1561.532564689646,35.166666666666664
2022-03-03,1544.7917074893605,35.333333333333336
2022-03-04,1589.194612822272,35.5
2022-03-05,1545.9712371626201,35.666666666666664
2022-03-06,1545.377321254251,35.83333333333333
2022-03-07,1565.0533719664875,36.0
2022-03-08,1542.2251418995913,36.16666666666667
2022-03-09,1555.4793366910687,36.33333333333333
2022-03-10,1547.5787902410216,36.5
2022-03-11,1592.6070029216278,36.66666666666667
2022-03-12,1580.3051176325139,36.833333333333336
2022-03-13,1563.6451301786374,37.0
2022-03-14,1557.1756589565198,37.166666666666664
2022-03-15,1584.0238317435571,37.333333333333336
2022-03-16,1573.5150405105674,37.5
2022-03-17,1575.5774864498214,37.666666666666664
2022-03-18,1565.298073061334,37.833333333333336
2022-03-19,1532.2627967048454,38.0
2022-03-20,1563.9835570611378,38.166666666666664
2022-03-21,1555.7885577802022,38.33333333333333
2022-03-22,1579.5449410856359,38.5
2022-03-23,1587.086163728377,38.66666666666667
2022-03-24,1553.8957736253246,38.83333333333333
2022-03-25,1576.6279786581438,39.0
2022-03-26,1602.1833333783718,39.16666666666667
2022-03-27,1554.3169784653012,39.333333333333336
2022-03-28,1601.51514713023,39.5
2022-03-29,1551.030474837409,39.666666666666664
2022-03-30,1568.7468663450356,39.833333333333336
2022-03-31,1568.2702384480947,40.0
2022-04-01,1568.9286081343876,40.166666666666664
2022-04-02,1552.1505487508823,40.333333333333336
2022-04-03,1557.2859269658072,40.5
2022-04-04,1555.9606627659628,40.666666666666664
2022-04-05,1576.0597998532946,40.83333333333333
2022-04-06,1576.3267296874665,41.0
2022-04-07,1614.4503934840802,41.16666666666667
2022-04-08,1597.5567664271923,41.33333333333333
2022-04-09,1560.145600910655,41.5
2022-04-10,1577.045337521403,41.66666666666667
2022-04-11,1590.6957842733693,41.83333333333333
2022-04-12,1571.5709405963594,42.0
2022-04-13,1569.771551992705,42.166666666666664
2022-04-14,1572.4013618690965,42.333333333333336
2022-04-15,1588.920875041922,42.5
2022-04-16,1554.8144114617037,42.666666666666664
2022-04-17,1565.4729119934595,42.833333333333336
2022-04-18,1581.6004437188474,43.0
2022-04-19,1578.6262017050556,43.16666666666667
2022-04-20,1577.394394923155,43.33333333333333
2022-04-21,1565.412195852006,43.5
2022-04-22,1592.4644144129877,43.66666666666667
2022-04-23,1615.8965430262824,43.83333333333333
2022-04-24,1581.5529674077707,44.0
2022-04-25,1569.7666029553045,44.16666666666667
2022-04-26,1588.9504222162468,44.33333333333333
2022-04-27,1563.2584431553512,44.5
2022-04-28,1559.2527684484078,44.666666666666664
2022-04-29,1575.108229746795,44.833333333333336
2022-04-30,1523.0016015871765,45.0
2022-05-01,1551.78400642559,44.90654205607477
2022-05-02,1568.109256032268,44.81308411214953
2022-05-03,1548.2061954397855,44.7196261682243
2022-05-04,1554.826590016952,44.626168224299064
2022-05-05,1566.9499647576893,44.532710280373834
2022-05-06,1543.031105088292,44.4392523364486
2022-05-07,1567.9744544857622,44.345794392523366
2022-05-08,1565.5959665723567,44.25233644859813
2022-05-09,1577.0149534827688,44.1588785046729
2022-05-10,1599.7960093770037,44.06542056074766
2022-05-11,1580.3678965490355,43.97196261682243
2022-05-12,1577.5445280980741,43.87850467289719
2022-05-13,1579.3178562639018,43.78504672897196
2022-05-14,1582.082102077765,43.691588785046726
2022-05-15,1557.4049530552018,43.598130841121495
2022-05-16,1575.649698984036,43.504672897196265
2022-05-17,1584.3257097682392,43.41121495327103
2022-05-18,1550.9409647327004,43.3177570093458
2022-05-19,1595.8747022919335,43.22429906542056
2022-05-20,1600.394643976835,43.13084112149533
2022-05-21,1566.3450829707383,43.03738317757009
2022-05-22,1574.3513263627187,42.94392523364486
2022-05-23,1561.819754787634,42.850467289719624
2022-05-24,1593.576650767647,42.757009345794394
2022-05-25,1558.570074799027,42.66355140186916
2022-05-26,1575.5504597951417,42.570093457943926
2022-05-27,1563.0270812959013,42.47663551401869
2022-05-28,1581.4300444443354,42.38317757009346
2022-05-29,1544.7318529263698,42.28971962616822
2022-05-30,1607.3511506555328,42.19626168224299
2022-05-31,1561.7352687761488,42.10280373831776
2022-06-01,1582.4307703746542,42.00934579439252
2022-06-02,1577.1878952689774,41.91588785046729
2022-06-03,1566.4015453779884,41.822429906542055
2022-06-04,1564.0937123357744,41.728971962616825
2022-06-05,1600.7827653915972,41.63551401869159
2022-06-06,1571.7474621105641,41.54205607476636
2022-06-07,1587.8891571174038,41.44859813084112
2022-06-08,1566.6412951688249,41.35514018691589
2022-06-09,1569.9330836918118,41.26168224299065
2022-06-10,1592.5271347825787,41.16822429906542
2022-06-11,1601.8958411550989,41.074766355140184
2022-06-12,1579.9868226383912,40.981308411214954
2022-06-13,1555.2602327041777,40.887850467289724
2022-06-14,1623.8632311840413,40.794392523364486
2022-06-15,1566.9786028764117,40.70093457943925
2022-06-16,1553.4833204997149,40.60747663551402
2022-06-17,1636.4090397005684,40.51401869158879
2022-06-18,1576.6453815202415,40.42056074766355
2022-06-19,1555.696853084087,40.32710280373832
2022-06-20,1571.4681909655962,40.23364485981308
2022-06-21,1592.69336367387,40.14018691588785
2022-06-22,1589.3541763573583,40.046728971962615
2022-06-23,1568.7188407124625,39.953271028037385
2022-06-24,1622.4133761121482,39.85981308411215
2022-06-25,1575.7327900017763,39.76635514018692
2022-06-26,1562.6761312054678,39.67289719626169
2022-06-27,1605.7892104349667,39.57943925233645
2022-06-28,1613.3620788486019,39.48598130841121
2022-06-29,1570.6364394175384,39.39252336448598
2022-06-30,1559.1648349611316,39.29906542056075
2022-07-01,1608.0060256222846,39.205607476635514
2022-07-02,1546.656267464868,39.11214953271028
2022-07-03,1563.2757859901499,39.018691588785046
2022-07-04,1607.3626216311418,38.925233644859816
2022-07-05,1587.112127121744,38.83177570093458
2022-07-06,1583.1459105623928,38.73831775700935
2022-07-07,1595.6864691161888,38.64485981308411
2022-07-08,1585.780127967448,38.55140186915888
2022-07-09,1563.0673614471493,38.45794392523364
2022-07-10,1614.7680822625896,38.36448598130841
2022-07-11,1615.952335852257,38.271028037383175
2022-07-12,1593.7641855221345,38.177570093457945
2022-07-13,1590.7656940072702,38.084112149532714
2022-07-14,1636.860989271086,37.99065420560748
2022-07-15,1584.745315702423,37.89719626168224
2022-07-16,1585.2879124181138,37.80373831775701
2022-07-17,1597.9745564916595,37.71028037383178
2022-07-18,1620.3168500817508,37.61682242990654
2022-07-19,1622.9513054993085,37.52336448598131
2022-07-20,1586.1299172294782,37.429906542056074
2022-07-21,1597.6734742342553,37.33644859813084
2022-07-22,1564.150659425842,37.242990654205606
2022-07-23,1585.678286060854,37.149532710280376
2022-07-24,1575.3174797616468,37.05607476635514
2022-07-25,1572.192132077308,36.96261682242991
2022-07-26,1626.165780900689,36.86915887850468
2022-07-27,1576.8939927912743,36.77570093457944
2022-07-28,1582.3130873192229,36.6822429906542
2022-07-29,1600.467660689844,36.58878504672897
2022-07-30,1619.3126697230334,36.49532710280374
2022-07-31,1603.1839463633933,36.401869158878505
2022-08-01,1648.9542255681029,36.30841121495327
2022-08-02,1592.479243174703,36.21495327102804
2022-08-03,1599.3524109963757,36.12149532710281
2022-08-04,1599.8955751235167,36.02803738317757
2022-08-05,1623.2900288316737,35.93457943925234
2022-08-06,1604.9392995701376,35.8411214953271
2022-08-07,1592.675405992257,35.74766355140187
2022-08-08,1576.255707553917,35.654205607476634
2022-08-09,1600.2998280233421,35.5607476635514
2022-08-10,1623.6433349820036,35.467289719626166
2022-08-11,1587.6142819350616,35.373831775700936
2022-08-12,1606.6062696286058,35.280373831775705
2022-08-13,1601.1558324860257,35.18691588785047
2022-08-14,1613.7087493320098,35.09345794392523
2022-08-15,1580.548760803681,35.0
2022-08-16,1643.7822556790243,34.90654205607477
2022-08-17,1571.471572379983,34.81308411214953
2022-08-18,1589.949252172882,34.7196261682243
2022-08-19,1616.2276042427704,34.626168224299064
2022-08-20,1603.6058963265946,34.532710280373834
2022-08-21,1614.4764355103891,34.4392523364486
2022-08-22,1588.1601451011707,34.345794392523366
2022-08-23,1596.7915715792699,34.25233644859813
2022-08-24,1598.737790357708,34.1588785046729
2022-08-25,1630.0838224277045,34.06542056074766
2022-08-26,1612.712690076702,33.97196261682243
2022-08-27,1615.0430312083893,33.87850467289719
2022-08-28,1586.1565466424147,33.78504672897196
2022-08-29,1618.8982007164664,33.69158878504673
2022-08-30,1604.2376606686362,33.598130841121495
2022-08-31,1627.7144131628736,33.50467289719626
2022-09-01,1640.4181893997393,33.41121495327103
2022-09-02,1594.2071502328845,33.3177570093458
2022-09-03,1592.4218825965781,33.22429906542056
2022-09-04,1583.4725248354869,33.13084112149532
2022-09-05,1598.0873138752625,33.03738317757009
2022-09-06,1593.5238745826362,32.94392523364486
2022-09-07,1608.5599510051188,32.85046728971963
2022-09-08,1598.6840061270786,32.757009345794394
2022-09-09,1594.548836302176,32.66355140186916
2022-09-10,1623.27800409242,32.570093457943926
2022-09-11,1583.4341761988887,32.476635514018696
2022-09-12,1611.0594193369993,32.38317757009346
2022-09-13,1594.4839051822576,32.28971962616822
2022-09-14,1617.2955892754815,32.19626168224299
2022-09-15,1630.7189295645817,32.10280373831776
2022-09-16,1597.1572130137104,32.00934579439252
2022-09-17,1612.2453156797096,31.915887850467293
2022-09-18,1607.205994300965,31.822429906542055
2022-09-19,1587.8471684474941,31.728971962616825
2022-09-20,1608.8568460852498,31.635514018691588
2022-09-21,1610.028985448042,31.542056074766357
2022-09-22,1612.709471203444,31.44859813084112
2022-09-23,1600.6895563101743,31.35514018691589
2022-09-24,1606.746859704833,31.261682242990652
2022-09-25,1582.1162742538222,31.16822429906542
2022-09-26,1598.1116910931428,31.074766355140184
2022-09-27,1616.5987056489905,30.981308411214954
2022-09-28,1623.53440925348,30.88785046728972
2022-09-29,1597.4441144763987,30.794392523364486
2022-09-30,1608.1901709996246,30.700934579439252
2022-10-01,1610.862436365495,30.60747663551402
2022-10-02,1610.536448249157,30.514018691588785
2022-10-03,1617.5278004731313,30.42056074766355
2022-10-04,1570.5562556115067,30.327102803738317
2022-10-05,1606.1368062682814,30.233644859813083
2022-10-06,1612.109439148223,30.14018691588785
2022-10-07,1587.5276395962683,30.046728971962615
2022-10-08,1641.2194401676113,29.953271028037385
2022-10-09,1611.1763908242153,29.85981308411215
2022-10-10,1639.4187798320854,29.766355140186917
2022-10-11,1592.5457039469002,29.672897196261683
2022-10-12,1590.41564140511,29.57943925233645
2022-10-13,1613.252167706985,29.485981308411215
2022-10-14,1575.3988354831529,29.39252336448598
2022-10-15,1613.4773940043026,29.299065420560748
2022-10-16,1611.3279462838939,29.205607476635514
2022-10-17,1629.9023467267325,29.11214953271028
2022-10-18,1623.815347371247,29.018691588785046
2022-10-19,1601.6504530022994,28.925233644859812
2022-10-20,1588.2555463566498,28.83177570093458
2022-10-21,1644.6570633309755,28.738317757009348
2022-10-22,1594.7741379448612,28.64485981308411
2022-10-23,1589.9114266668298,28.55140186915888
2022-10-24,1589.330276071045,28.457943925233643
2022-10-25,1633.5789830230622,28.364485981308412
2022-10-26,1601.0603520758866,28.271028037383175
2022-10-27,1596.5697462928263,28.177570093457945
2022-10-28,1614.60311158656,28.08411214953271
2022-10-29,1607.9159003094023,27.990654205607477
2022-10-30,1598.698364756878,27.897196261682243
2022-10-31,1627.5455827642272,27.80373831775701
2022-11-01,1633.9775427186723,27.710280373831775
2022-11-02,1632.5830625075644,27.61682242990654
2022-11-03,1628.4205851740458,27.523364485981308
2022-11-04,1621.3401818554773,27.429906542056074
2022-11-05,1577.975390685695,27.33644859813084
2022-11-06,1647.0836462645257,27.242990654205606
2022-11-07,1619.9438937961922,27.149532710280372
2022-11-08,1626.2727175931086,27.05607476635514
2022-11-09,1636.6143149520988,26.962616822429904
2022-11-10,1643.1875980028453,26.869158878504674
2022-11-11,1623.093987623444,26.77570093457944
2022-11-12,1623.6424300352282,26.682242990654206
2022-11-13,1603.1525007521755,26.588785046728972
2022-11-14,1616.0042607761998,26.49532710280374
2022-11-15,1598.4647199891924,26.401869158878505
2022-11-16,1601.3546140146964,26.30841121495327
2022-11-17,1598.0874160633052,26.214953271028037
2022-11-18,1613.043905741698,26.121495327102803
2022-11-19,1637.3517267720988,26.02803738317757
2022-11-20,1679.994837931557,25.934579439252335
2022-11-21,1620.5708146687664,25.8411214953271
2022-11-22,1590.0180396147407,25.74766355140187
2022-11-23,1642.491447419043,25.654205607476634
2022-11-24,1611.3815827444519,25.560747663551403
2022-11-25,1604.3905678464873,25.467289719626166
2022-11-26,1622.0052087365434,25.373831775700936
2022-11-27,1593.2012066390125,25.280373831775698
2022-11-28,1622.6684413623639,25.186915887850468
2022-11-29,1616.6571470702634,25.093457943925234
2022-11-30,1620.5976951226107,25.0
2022-12-01,1626.4639415225395,25.0
2022-12-02,1620.3909410352271,25.0
2022-12-03,1619.5733370247237,25.0
2022-12-04,1625.1383451744794,25.0
2022-12-05,1627.965546769998,25.0
2022-12-06,1599.2333644923249,25.0
2022-12-07,1591.468667976976,25.0
2022-12-08,1619.0412115592956,25.0
2022-12-09,1591.8247422561124,25.0
2022-12-10,1622.4355609252827,25.0
2022-12-11,1639.6653484725502,25.0
2022-12-12,1633.2381238492799,25.0
2022-12-13,1600.337961726504,25.0
2022-12-14,1604.301600275918,25.0
2022-12-15,1628.2783546671385,25.0
2022-12-16,1613.8918521165078,25.0
2022-12-17,1615.7901817701907,25.0
2022-12-18,1634.2668967482468,25.0
2022-12-19,1602.7885127061893,25.0
2022-12-20,1614.7150318291735,25.0
2022-12-21,1606.9435559577598,25.0
2022-12-22,1602.2880949707999,25.0
2022-12-23,1606.2146006101384,25.0
2022-12-24,1637.1108872225448,25.0
2022-12-25,1624.8035310773196,25.0
2022-12-26,1606.3893901630245,25.0
2022-12-27,1619.5560500399208,25.0
2022-12-28,1591.6074155013919,25.0
2022-12-29,1609.9227849442173,25.0
2022-12-30,1667.7860112452909,25.0
2022-12-31,1623.195123006685,25.0
2023-01-01,1639.8386579926625,25.166666666666668
2023-01-02,1624.10119140122,25.333333333333332
2023-01-03,1632.5798230610005,25.5
2023-01-04,1639.0870796018025,25.666666666666668
2023-01-05,1603.9350653097447,25.833333333333332
2023-01-06,1625.6141515668496,26.0
2023-01-07,1658.0156600527134,26.166666666666668
2023-01-08,1610.7338246153724,26.333333333333332
2023-01-09,1615.5205179938487,26.5
2023-01-10,1620.900968973208,26.666666666666668
2023-01-11,1632.6407554361278,26.833333333333332
2023-01-12,1637.9641106975753,27.0
2023-01-13,1653.0194659730855,27.166666666666668
2023-01-14,1637.8666769981403,27.333333333333332
2023-01-15,1626.8411292648552,27.5
2023-01-16,1653.471013825093,27.666666666666668
2023-01-17,1642.5753711277632,27.833333333333332
2023-01-18,1598.785039811846,28.0
2023-01-19,1679.431474396161,28.166666666666668
2023-01-20,1664.5080168050306,28.333333333333332
2023-01-21,1625.9507840378092,28.5
2023-01-22,1637.0787499799749,28.666666666666668
2023-01-23,1656.213202397177,28.833333333333332
2023-01-24,1626.4874909953776,29.0
2023-01-25,1644.7440221089103,29.166666666666668
2023-01-26,1652.4340352248541,29.333333333333336
2023-01-27,1610.2514270507907,29.5
2023-01-28,1618.706787585877,29.666666666666668
2023-01-29,1649.3870720658006,29.833333333333332
2023-01-30,1640.3806731046204,30.0
2023-01-31,1649.8457942199777,30.166666666666668
2023-02-01,1628.9239821726792,30.333333333333332
2023-02-02,1626.0007176987235,30.5
2023-02-03,1592.0135118581954,30.666666666666664
2023-02-04,1609.271772291769,30.833333333333336
2023-02-05,1633.3385821671425,31.0
2023-02-06,1649.093884117312,31.166666666666668
2023-02-07,1643.4317865087962,31.333333333333332
2023-02-08,1630.448859149583,31.5
2023-02-09,1627.7837467523777,31.666666666666664
2023-02-10,1637.7682501870122,31.833333333333336
2023-02-11,1635.1943606081443,32.0
2023-02-12,1661.9265267371502,32.166666666666664
2023-02-13,1636.969911299976,32.333333333333336
2023-02-14,1604.62165609852,32.5
2023-02-15,1609.0008920938742,32.666666666666664
2023-02-16,1665.032720985847,32.833333333333336
2023-02-17,1611.4398044696284,33.0
2023-02-18,1650.3584422113556,33.166666666666664
2023-02-19,1629.9065178985522,33.333333333333336
2023-02-20,1632.0842861767449,33.5
2023-02-21,1633.002275851481,33.66666666666667
2023-02-22,1660.3181101480882,33.83333333333333
2023-02-23,1632.2390538400796,34.0
2023-02-24,1635.6349842061106,34.166666666666664
2023-02-25,1605.8907793670785,34.333333333333336
2023-02-26,1640.8461390012835,34.5
2023-02-27,1647.5386583587394,34.666666666666664
2023-02-28,1641.9061992843087,34.83333333333333
2023-03-01,1665.2866923450224,35.0
2023-03-02,1638.6376736709472,35.166666666666664
2023-03-03,1643.7192751497776,35.333333333333336
2023-03-04,1670.9152856848154,35.5
2023-03-05,1607.150401144344,35.666666666666664
2023-03-06,1629.2396574275742,35.83333333333333
2023-03-07,1667.0848188760017,36.0
2023-03-08,1657.4897062538928,36.16666666666667
2023-03-09,1652.5402047165353,36.33333333333333
2023-03-10,1655.8310969810702,36.5
2023-03-11,1645.9248858262558,36.66666666666667
2023-03-12,1672.2209896465358,36.833333333333336
2023-03-13,1647.3497039425597,37.0
2023-03-14,1644.7973421179056,37.166666666666664
2023-03-15,1643.3846529345676,37.333333333333336
2023-03-16,1644.2682380151173,37.5
2023-03-17,1617.476092739847,37.666666666666664
2023-03-18,1656.2353788974858,37.833333333333336
2023-03-19,1638.4186025846075,38.0
2023-03-20,1677.6711786695369,38.166666666666664
2023-03-21,1639.925346752615,38.33333333333333
2023-03-22,1650.0622012999515,38.5
2023-03-23,1646.7813587937198,38.66666666666667
2023-03-24,1629.543653818363,38.83333333333333
2023-03-25,1662.103010542973,39.0
2023-03-26,1680.5670262358578,39.16666666666667
2023-03-27,1642.3756884835154,39.333333333333336
2023-03-28,1636.8671366170586,39.5
2023-03-29,1635.9816171597145,39.666666666666664
2023-03-30,1605.4404333665298,39.833333333333336
2023-03-31,1639.9368878108714,40.0
2023-04-01,1648.718592457153,40.166666666666664
2023-04-02,1664.9992680926468,40.333333333333336
2023-04-03,1663.3105438640944,40.5
2023-04-04,1635.9850868444169,40.666666666666664
2023-04-05,1638.9840880497277,40.83333333333333
2023-04-06,1667.204133509549,41.0
2023-04-07,1641.4622289078575,41.16666666666667
2023-04-08,1634.9363955062577,41.33333333333333
2023-04-09,1673.19283474211,41.5
2023-04-10,1666.299658546492,41.66666666666667
2023-04-11,1646.1292604930193,41.83333333333333
2023-04-12,1634.0833551540156,42.0
2023-04-13,1605.9267771767495,42.166666666666664
2023-04-14,1658.1639351251931,42.333333333333336
2023-04-15,1628.6479480147098,42.5
2023-04-16,1607.526181734993,42.666666666666664
2023-04-17,1678.6827119168433,42.833333333333336
2023-04-18,1660.1511366421155,43.0
2023-04-19,1624.6170964116332,43.16666666666667
2023-04-20,1623.314712066842,43.33333333333333
2023-04-21,1665.2274548215146,43.5
2023-04-22,1630.4542862994197,43.66666666666667
2023-04-23,1674.1421754327494,43.83333333333333
2023-04-24,1660.7538437867697,44.0
2023-04-25,1659.3620673976377,44.16666666666667
2023-04-26,1656.929525550642,44.33333333333333
2023-04-27,1652.8701133308894,44.5
2023-04-28,1666.856799326008,44.666666666666664
2023-04-29,1640.3704475442084,44.833333333333336
2023-04-30,1651.376573715263,45.0
2023-05-01,1664.901945452174,44.90654205607477
2023-05-02,1661.3282875224074,44.81308411214953
2023-05-03,1626.3742364973666,44.7196261682243
2023-05-04,1640.4712587087092,44.626168224299064
2023-05-05,1655.7410016152323,44.532710280373834
2023-05-06,1642.730116778106,44.4392523364486
2023-05-07,1686.5890616304255,44.345794392523366
2023-05-08,1643.4383059679315,44.25233644859813
2023-05-09,1648.2624803635347,44.1588785046729
2023-05-10,1667.1009323306694,44.06542056074766
2023-05-11,1658.5284630838764,43.97196261682243
2023-05-12,1649.2177985271376,43.87850467289719
2023-05-13,1637.1988965456726,43.78504672897196
2023-05-14,1658.5645277232777,43.691588785046726
2023-05-15,1673.521654834965,43.598130841121495
2023-05-16,1662.5271099614165,43.504672897196265
2023-05-17,1637.5870145023846,43.41121495327103
2023-05-18,1688.0916635230958,43.3177570093458
2023-05-19,1624.6300860348986,43.22429906542056
2023-05-20,1622.1134104516154,43.13084112149533
2023-05-21,1673.1837472288705,43.03738317757009
2023-05-22,1658.6948917638344,42.94392523364486
2023-05-23,1643.3935907177547,42.850467289719624
2023-05-24,1632.617626544784,42.757009345794394
2023-05-25,1701.2105173335513,42.66355140186916
2023-05-26,1657.3418174431088,42.570093457943926
2023-05-27,1665.88950286897,42.47663551401869
2023-05-28,1661.7686608488732,42.38317757009346
2023-05-29,1664.3125975107873,42.28971962616822
2023-05-30,1666.623807018715,42.19626168224299
2023-05-31,1670.6758774553716,42.10280373831776
2023-06-01,1648.7284286971153,42.00934579439252
2023-06-02,1650.6055164373468,41.91588785046729
2023-06-03,1621.8233794492603,41.822429906542055
2023-06-04,1641.2432269384624,41.728971962616825
2023-06-05,1662.4770504494822,41.63551401869159
2023-06-06,1678.1607414826565,41.54205607476636
2023-06-07,1669.4465439521812,41.44859813084112
2023-06-08,1650.8573859991536,41.35514018691589
2023-06-09,1632.613254087064,41.26168224299065
2023-06-10,1602.5350088722732,41.16822429906542
2023-06-11,1681.3223507284927,41.074766355140184
2023-06-12,1646.7085709547287,40.981308411214954
2023-06-13,1649.7293300129052,40.887850467289724
2023-06-14,1661.5355889472025,40.794392523364486
2023-06-15,1630.9983880932582,40.70093457943925
2023-06-16,1652.31942489092,40.60747663551402
2023-06-17,1699.989986940605,40.51401869158879
2023-06-18,1669.833766168807,40.42056074766355
2023-06-19,1667.1164899795842,40.32710280373832
2023-06-20,1628.4870967417348,40.23364485981308
2023-06-21,1705.2145036450775,40.14018691588785
2023-06-22,1632.0920470329527,40.046728971962615
2023-06-23,1699.1999197664222,39.953271028037385
2023-06-24,1618.6577838058329,39.85981308411215
2023-06-25,1689.2716923361322,39.76635514018692
2023-06-26,1693.7309483937033,39.67289719626169
2023-06-27,1645.0871600391968,39.57943925233645
2023-06-28,1670.232429363266,39.48598130841121
2023-06-29,1672.9359128119563,39.39252336448598
2023-06-30,1645.9158911572915,39.29906542056075
2023-07-01,1633.414908059234,39.205607476635514
2023-07-02,1636.2483928632118,39.11214953271028
2023-07-03,1673.6283835772783,39.018691588785046
2023-07-04,1661.3113865797488,38.925233644859816
2023-07-05,1651.9331574161486,38.83177570093458
2023-07-06,1682.7600177575757,38.73831775700935
2023-07-07,1673.791495174131,38.64485981308411
2023-07-08,1648.7263619110436,38.55140186915888
2023-07-09,1640.017065510063,38.45794392523364
2023-07-10,1674.7118101162273,38.36448598130841
2023-07-11,1653.7003874233594,38.271028037383175
2023-07-12,1666.6416314972055,38.177570093457945
2023-07-13,1696.3889931511844,38.084112149532714
2023-07-14,1675.1150579521805,37.99065420560748
2023-07-15,1648.028632607675,37.89719626168224
2023-07-16,1668.6926758511897,37.80373831775701
2023-07-17,1646.6320324505416,37.71028037383178
2023-07-18,1698.0608540778785,37.61682242990654
2023-07-19,1654.8643154188944,37.52336448598131
2023-07-20,1670.446784802486,37.429906542056074
2023-07-21,1672.6615008086571,37.33644859813084
2023-07-22,1669.8973381345975,37.242990654205606
2023-07-23,1627.7468291164473,37.149532710280376
2023-07-24,1638.1948663915664,37.05607476635514
2023-07-25,1658.2817616119057,36.96261682242991
2023-07-26,1673.922883241973,36.86915887850468
2023-07-27,1664.9841417416817,36.77570093457944
2023-07-28,1648.8022560164316,36.6822429906542
2023-07-29,1641.1821985490728,36.58878504672897
2023-07-30,1660.3250134935747,36.49532710280374
2023-07-31,1659.192122942022,36.401869158878505
2023-08-01,1679.0238524395263,36.30841121495327
2023-08-02,1662.4462334965597,36.21495327102804
2023-08-03,1681.2322353203674,36.12149532710281
2023-08-04,1657.4905662494273,36.02803738317757
2023-08-05,1664.4698877116052,35.93457943925234
2023-08-06,1662.8335929550929,35.8411214953271
2023-08-07,1654.3526606619582,35.74766355140187
2023-08-08,1682.7078525807294,35.654205607476634
2023-08-09,1654.1390389622193,35.5607476635514
2023-08-10,1660.1836081567521,35.467289719626166
2023-08-11,1669.359524889255,35.373831775700936
2023-08-12,1645.0798041411392,35.280373831775705
2023-08-13,1664.7341775459188,35.18691588785047
2023-08-14,1657.2122289695278,35.09345794392523
2023-08-15,1663.8807517667933,35.0
2023-08-16,1670.6507550150714,34.90654205607477
2023-08-17,1656.0565220577348,34.81308411214953
2023-08-18,1667.8587583761955,34.7196261682243
2023-08-19,1698.6391284717013,34.626168224299064
2023-08-20,1672.1552617116226,34.532710280373834
2023-08-21,1695.7819557891517,34.4392523364486
2023-08-22,1680.012080620957,34.345794392523366
2023-08-23,1688.770883429253,34.25233644859813
2023-08-24,1658.003971309515,34.1588785046729
2023-08-25,1675.7967734386966,34.06542056074766
2023-08-26,1676.5823680413507,33.97196261682243
2023-08-27,1661.8570742635973,33.87850467289719
2023-08-28,1657.858502007265,33.78504672897196
2023-08-29,1644.7152401870594,33.69158878504673
2023-08-30,1704.648820136293,33.598130841121495
2023-08-31,1655.4834490622652,33.50467289719626
2023-09-01,1702.0614077658158,33.41121495327103
2023-09-02,1665.9926022802676,33.3177570093458
2023-09-03,1658.2980792109847,33.22429906542056
2023-09-04,1688.2038074636341,33.13084112149532
2023-09-05,1663.335065274652,33.03738317757009
2023-09-06,1687.5335619401292,32.94392523364486
2023-09-07,1669.7136277166544,32.85046728971963
2023-09-08,1686.1838323881093,32.757009345794394
2023-09-09,1657.4171006396662,32.66355140186916
2023-09-10,1693.6133225295584,32.570093457943926
2023-09-11,1686.951234475178,32.476635514018696
2023-09-12,1659.0042464727192,32.38317757009346
2023-09-13,1730.461454146322,32.28971962616822
2023-09-14,1688.6106797060922,32.19626168224299
2023-09-15,1723.8230400407479,32.10280373831776
2023-09-16,1710.224534457167,32.00934579439252
2023-09-17,1674.647961929891,31.915887850467293
2023-09-18,1670.3847018942104,31.822429906542055
2023-09-19,1670.7664327699404,31.728971962616825
2023-09-20,1642.4405248818546,31.635514018691588
2023-09-21,1665.329872955475,31.542056074766357
2023-09-22,1684.38737527412,31.44859813084112
2023-09-23,1710.1766854642715,31.35514018691589
2023-09-24,1664.407576039066,31.261682242990652
2023-09-25,1697.709625137945,31.16822429906542
2023-09-26,1655.2221057726736,31.074766355140184
2023-09-27,1668.7530515505716,30.981308411214954
2023-09-28,1671.5321196210589,30.88785046728972
2023-09-29,1688.326632588854,30.794392523364486
2023-09-30,1690.242083345375,30.700934579439252
2023-10-01,1700.5482047593005,30.60747663551402
2023-10-02,1696.9235885231672,30.514018691588785
2023-10-03,1686.5756930751731,30.42056074766355
2023-10-04,1689.7251070893506,30.327102803738317
2023-10-05,1713.8939014931836,30.233644859813083
2023-10-06,1672.1102434986424,30.14018691588785
2023-10-07,1698.0288129566857,30.046728971962615
2023-10-08,1646.5768474974323,29.953271028037385
2023-10-09,1691.1718903374042,29.85981308411215
2023-10-10,1673.4856940819247,29.766355140186917
2023-10-11,1683.4075880321918,29.672897196261683
2023-10-12,1704.3633687366905,29.57943925233645
2023-10-13,1687.0599994781992,29.485981308411215
2023-10-14,1701.6763535639045,29.39252336448598
2023-10-15,1713.6533784945489,29.299065420560748
2023-10-16,1692.16544102115,29.205607476635514
2023-10-17,1708.0098623883002,29.11214953271028
2023-10-18,1678.263300994361,29.018691588785046
2023-10-19,1684.8358023546077,28.925233644859812
2023-10-20,1674.7530911240851,28.83177570093458
2023-10-21,1706.270510797037,28.738317757009348
2023-10-22,1693.8982654320364,28.64485981308411
2023-10-23,1675.6772285703205,28.55140186915888
2023-10-24,1689.1207739332008,28.457943925233643
2023-10-25,1707.0642444887005,28.364485981308412
2023-10-26,1685.6529963436244,28.271028037383175
2023-10-27,1667.665179399443,28.177570093457945
2023-10-28,1689.4875501842414,28.08411214953271
2023-10-29,1647.4434826991692,27.990654205607477
2023-10-30,1702.6356868605922,27.897196261682243
2023-10-31,1679.0392016781639,27.80373831775701
2023-11-01,1678.2850181511303,27.710280373831775
2023-11-02,1705.3906259043572,27.61682242990654
2023-11-03,1660.7789342363185,27.523364485981308
2023-11-04,1727.2296440892837,27.429906542056074
2023-11-05,1678.8883098501672,27.33644859813084
2023-11-06,1678.2336112692885,27.242990654205606
2023-11-07,1709.3286044523843,27.149532710280372
2023-11-08,1703.2834945033044,27.05607476635514
2023-11-09,1738.3396628746523,26.962616822429904
2023-11-10,1685.296428272575,26.869158878504674
2023-11-11,1687.317894623972,26.77570093457944
2023-11-12,1660.34518725005,26.682242990654206
2023-11-13,1683.4949407543934,26.588785046728972
2023-11-14,1675.9138398419896,26.49532710280374
2023-11-15,1681.5726049433695,26.401869158878505
2023-11-16,1655.869669526455,26.30841121495327
2023-11-17,1724.1710553074793,26.214953271028037
2023-11-18,1662.832313913131,26.121495327102803
2023-11-19,1635.3258070458644,26.02803738317757
2023-11-20,1667.806854034093,25.934579439252335
2023-11-21,1679.7040308618853,25.8411214953271
2023-11-22,1668.9952201047206,25.74766355140187
2023-11-23,1714.157851636568,25.654205607476634
2023-11-24,1689.6404767020506,25.560747663551403
2023-11-25,1693.1104518141565,25.467289719626166
2023-11-26,1705.0160544641906,25.373831775700936
2023-11-27,1698.7339491696994,25.280373831775698
2023-11-28,1712.7905240311127,25.186915887850468
2023-11-29,1671.2351064615236,25.093457943925234
2023-11-30,1682.6797749727127,25.0
2023-12-01,1707.154959359747,25.0
2023-12-02,1643.3500066487263,25.0
2023-12-03,1666.742885756121,25.0
2023-12-04,1704.4718994381194,25.0
2023-12-05,1685.0525535466768,25.0
2023-12-06,1713.585164700824,25.0
2023-12-07,1711.252099087748,25.0
2023-12-08,1671.312114998919,25.0
2023-12-09,1703.612593804132,25.0
2023-12-10,1719.7188886201996,25.0
2023-12-11,1698.8390989919235,25.0
2023-12-12,1676.5465928660415,25.0
2023-12-13,1713.889168701281,25.0
2023-12-14,1709.2153398461483,25.0
2023-12-15,1707.5645444370994,25.0
2023-12-16,1711.2365860879179,25.0
2023-12-17,1637.2310304666805,25.0
2023-12-18,1714.9475183449072,25.0
2023-12-19,1733.6968827869218,25.0
2023-12-20,1706.472495519983,25.0
2023-12-21,1701.7997854094465,25.0
2023-12-22,1712.0794583993356,25.0
2023-12-23,1705.120673857264,25.0
2023-12-24,1711.5972690696287,25.0
2023-12-25,1698.7965432925794,25.0
2023-12-26,1683.638505648988,25.0
2023-12-27,1679.0916279474884,25.0
2023-12-28,1679.4197270791983,25.0
2023-12-29,1672.1281900768727,25.0
2023-12-30,1678.439680327563,25.0
2023-12-31,1735.2253225483973,25.0
